region,date,loneliness_covidistress_target,stress_covidistress_target,support,incid_hosp_features_hospit,incid_rea_features_hospit,incid_dc_features_hospit,incid_rad_features_hospit,num_dep,dep_name
Auvergne-Rhône-Alpes,2020-04-06,0.3418384036637226,0.4791707556427874,1019,2160,433,297,1061,01,Ain
Auvergne-Rhône-Alpes,2020-04-06,0.3418384036637226,0.4791707556427874,1019,2160,433,297,1061,03,Allier
Auvergne-Rhône-Alpes,2020-04-06,0.3418384036637226,0.4791707556427874,1019,2160,433,297,1061,07,Ardèche
Auvergne-Rhône-Alpes,2020-04-06,0.3418384036637226,0.4791707556427874,1019,2160,433,297,1061,15,Cantal
Auvergne-Rhône-Alpes,2020-04-06,0.3418384036637226,0.4791707556427874,1019,2160,433,297,1061,26,Drôme
Auvergne-Rhône-Alpes,2020-04-06,0.3418384036637226,0.4791707556427874,1019,2160,433,297,1061,38,Isère
Auvergne-Rhône-Alpes,2020-04-06,0.3418384036637226,0.4791707556427874,1019,2160,433,297,1061,42,Loire
Auvergne-Rhône-Alpes,2020-04-06,0.3418384036637226,0.4791707556427874,1019,2160,433,297,1061,43,Haute-Loire
Auvergne-Rhône-Alpes,2020-04-06,0.3418384036637226,0.4791707556427874,1019,2160,433,297,1061,63,Puy-de-Dôme
Auvergne-Rhône-Alpes,2020-04-06,0.3418384036637226,0.4791707556427874,1019,2160,433,297,1061,69,Rhône
Auvergne-Rhône-Alpes,2020-04-06,0.3418384036637226,0.4791707556427874,1019,2160,433,297,1061,73,Savoie
Auvergne-Rhône-Alpes,2020-04-06,0.3418384036637226,0.4791707556427874,1019,2160,433,297,1061,74,Haute-Savoie
Auvergne-Rhône-Alpes,2020-04-13,0.3488247863247865,0.4923076923076922,156,1523,212,243,1144,01,Ain
Auvergne-Rhône-Alpes,2020-04-13,0.3488247863247865,0.4923076923076922,156,1523,212,243,1144,03,Allier
Auvergne-Rhône-Alpes,2020-04-13,0.3488247863247865,0.4923076923076922,156,1523,212,243,1144,07,Ardèche
Auvergne-Rhône-Alpes,2020-04-13,0.3488247863247865,0.4923076923076922,156,1523,212,243,1144,15,Cantal
Auvergne-Rhône-Alpes,2020-04-13,0.3488247863247865,0.4923076923076922,156,1523,212,243,1144,26,Drôme
Auvergne-Rhône-Alpes,2020-04-13,0.3488247863247865,0.4923076923076922,156,1523,212,243,1144,38,Isère
Auvergne-Rhône-Alpes,2020-04-13,0.3488247863247865,0.4923076923076922,156,1523,212,243,1144,42,Loire
Auvergne-Rhône-Alpes,2020-04-13,0.3488247863247865,0.4923076923076922,156,1523,212,243,1144,43,Haute-Loire
Auvergne-Rhône-Alpes,2020-04-13,0.3488247863247865,0.4923076923076922,156,1523,212,243,1144,63,Puy-de-Dôme
Auvergne-Rhône-Alpes,2020-04-13,0.3488247863247865,0.4923076923076922,156,1523,212,243,1144,69,Rhône
Auvergne-Rhône-Alpes,2020-04-13,0.3488247863247865,0.4923076923076922,156,1523,212,243,1144,73,Savoie
Auvergne-Rhône-Alpes,2020-04-13,0.3488247863247865,0.4923076923076922,156,1523,212,243,1144,74,Haute-Savoie
Auvergne-Rhône-Alpes,2020-04-20,0.4281609195402299,0.5008620689655173,29,1220,153,271,973,01,Ain
Auvergne-Rhône-Alpes,2020-04-20,0.4281609195402299,0.5008620689655173,29,1220,153,271,973,03,Allier
Auvergne-Rhône-Alpes,2020-04-20,0.4281609195402299,0.5008620689655173,29,1220,153,271,973,07,Ardèche
Auvergne-Rhône-Alpes,2020-04-20,0.4281609195402299,0.5008620689655173,29,1220,153,271,973,15,Cantal
Auvergne-Rhône-Alpes,2020-04-20,0.4281609195402299,0.5008620689655173,29,1220,153,271,973,26,Drôme
Auvergne-Rhône-Alpes,2020-04-20,0.4281609195402299,0.5008620689655173,29,1220,153,271,973,38,Isère
Auvergne-Rhône-Alpes,2020-04-20,0.4281609195402299,0.5008620689655173,29,1220,153,271,973,42,Loire
Auvergne-Rhône-Alpes,2020-04-20,0.4281609195402299,0.5008620689655173,29,1220,153,271,973,43,Haute-Loire
Auvergne-Rhône-Alpes,2020-04-20,0.4281609195402299,0.5008620689655173,29,1220,153,271,973,63,Puy-de-Dôme
Auvergne-Rhône-Alpes,2020-04-20,0.4281609195402299,0.5008620689655173,29,1220,153,271,973,69,Rhône
Auvergne-Rhône-Alpes,2020-04-20,0.4281609195402299,0.5008620689655173,29,1220,153,271,973,73,Savoie
Auvergne-Rhône-Alpes,2020-04-20,0.4281609195402299,0.5008620689655173,29,1220,153,271,973,74,Haute-Savoie
Auvergne-Rhône-Alpes,2020-04-27,0.5208333333333334,0.56875,4,857,85,195,860,01,Ain
Auvergne-Rhône-Alpes,2020-04-27,0.5208333333333334,0.56875,4,857,85,195,860,03,Allier
Auvergne-Rhône-Alpes,2020-04-27,0.5208333333333334,0.56875,4,857,85,195,860,07,Ardèche
Auvergne-Rhône-Alpes,2020-04-27,0.5208333333333334,0.56875,4,857,85,195,860,15,Cantal
Auvergne-Rhône-Alpes,2020-04-27,0.5208333333333334,0.56875,4,857,85,195,860,26,Drôme
Auvergne-Rhône-Alpes,2020-04-27,0.5208333333333334,0.56875,4,857,85,195,860,38,Isère
Auvergne-Rhône-Alpes,2020-04-27,0.5208333333333334,0.56875,4,857,85,195,860,42,Loire
Auvergne-Rhône-Alpes,2020-04-27,0.5208333333333334,0.56875,4,857,85,195,860,43,Haute-Loire
Auvergne-Rhône-Alpes,2020-04-27,0.5208333333333334,0.56875,4,857,85,195,860,63,Puy-de-Dôme
Auvergne-Rhône-Alpes,2020-04-27,0.5208333333333334,0.56875,4,857,85,195,860,69,Rhône
Auvergne-Rhône-Alpes,2020-04-27,0.5208333333333334,0.56875,4,857,85,195,860,73,Savoie
Auvergne-Rhône-Alpes,2020-04-27,0.5208333333333334,0.56875,4,857,85,195,860,74,Haute-Savoie
Auvergne-Rhône-Alpes,2020-05-04,0.4374999999999999,0.5104166666666666,12,570,60,141,628,01,Ain
Auvergne-Rhône-Alpes,2020-05-04,0.4374999999999999,0.5104166666666666,12,570,60,141,628,03,Allier
Auvergne-Rhône-Alpes,2020-05-04,0.4374999999999999,0.5104166666666666,12,570,60,141,628,07,Ardèche
Auvergne-Rhône-Alpes,2020-05-04,0.4374999999999999,0.5104166666666666,12,570,60,141,628,15,Cantal
Auvergne-Rhône-Alpes,2020-05-04,0.4374999999999999,0.5104166666666666,12,570,60,141,628,26,Drôme
Auvergne-Rhône-Alpes,2020-05-04,0.4374999999999999,0.5104166666666666,12,570,60,141,628,38,Isère
Auvergne-Rhône-Alpes,2020-05-04,0.4374999999999999,0.5104166666666666,12,570,60,141,628,42,Loire
Auvergne-Rhône-Alpes,2020-05-04,0.4374999999999999,0.5104166666666666,12,570,60,141,628,43,Haute-Loire
Auvergne-Rhône-Alpes,2020-05-04,0.4374999999999999,0.5104166666666666,12,570,60,141,628,63,Puy-de-Dôme
Auvergne-Rhône-Alpes,2020-05-04,0.4374999999999999,0.5104166666666666,12,570,60,141,628,69,Rhône
Auvergne-Rhône-Alpes,2020-05-04,0.4374999999999999,0.5104166666666666,12,570,60,141,628,73,Savoie
Auvergne-Rhône-Alpes,2020-05-04,0.4374999999999999,0.5104166666666666,12,570,60,141,628,74,Haute-Savoie
Auvergne-Rhône-Alpes,2020-05-11,0.346875,0.4753125000000001,80,404,44,115,593,01,Ain
Auvergne-Rhône-Alpes,2020-05-11,0.346875,0.4753125000000001,80,404,44,115,593,03,Allier
Auvergne-Rhône-Alpes,2020-05-11,0.346875,0.4753125000000001,80,404,44,115,593,07,Ardèche
Auvergne-Rhône-Alpes,2020-05-11,0.346875,0.4753125000000001,80,404,44,115,593,15,Cantal
Auvergne-Rhône-Alpes,2020-05-11,0.346875,0.4753125000000001,80,404,44,115,593,26,Drôme
Auvergne-Rhône-Alpes,2020-05-11,0.346875,0.4753125000000001,80,404,44,115,593,38,Isère
Auvergne-Rhône-Alpes,2020-05-11,0.346875,0.4753125000000001,80,404,44,115,593,42,Loire
Auvergne-Rhône-Alpes,2020-05-11,0.346875,0.4753125000000001,80,404,44,115,593,43,Haute-Loire
Auvergne-Rhône-Alpes,2020-05-11,0.346875,0.4753125000000001,80,404,44,115,593,63,Puy-de-Dôme
Auvergne-Rhône-Alpes,2020-05-11,0.346875,0.4753125000000001,80,404,44,115,593,69,Rhône
Auvergne-Rhône-Alpes,2020-05-11,0.346875,0.4753125000000001,80,404,44,115,593,73,Savoie
Auvergne-Rhône-Alpes,2020-05-11,0.346875,0.4753125000000001,80,404,44,115,593,74,Haute-Savoie
Auvergne-Rhône-Alpes,2020-05-18,0.5277777777777778,0.5,3,293,32,73,557,01,Ain
Auvergne-Rhône-Alpes,2020-05-18,0.5277777777777778,0.5,3,293,32,73,557,03,Allier
Auvergne-Rhône-Alpes,2020-05-18,0.5277777777777778,0.5,3,293,32,73,557,07,Ardèche
Auvergne-Rhône-Alpes,2020-05-18,0.5277777777777778,0.5,3,293,32,73,557,15,Cantal
Auvergne-Rhône-Alpes,2020-05-18,0.5277777777777778,0.5,3,293,32,73,557,26,Drôme
Auvergne-Rhône-Alpes,2020-05-18,0.5277777777777778,0.5,3,293,32,73,557,38,Isère
Auvergne-Rhône-Alpes,2020-05-18,0.5277777777777778,0.5,3,293,32,73,557,42,Loire
Auvergne-Rhône-Alpes,2020-05-18,0.5277777777777778,0.5,3,293,32,73,557,43,Haute-Loire
Auvergne-Rhône-Alpes,2020-05-18,0.5277777777777778,0.5,3,293,32,73,557,63,Puy-de-Dôme
Auvergne-Rhône-Alpes,2020-05-18,0.5277777777777778,0.5,3,293,32,73,557,69,Rhône
Auvergne-Rhône-Alpes,2020-05-18,0.5277777777777778,0.5,3,293,32,73,557,73,Savoie
Auvergne-Rhône-Alpes,2020-05-18,0.5277777777777778,0.5,3,293,32,73,557,74,Haute-Savoie
Auvergne-Rhône-Alpes,2020-05-25,0.5277777777777778,0.4916666666666667,3,232,20,63,428,01,Ain
Auvergne-Rhône-Alpes,2020-05-25,0.5277777777777778,0.4916666666666667,3,232,20,63,428,03,Allier
Auvergne-Rhône-Alpes,2020-05-25,0.5277777777777778,0.4916666666666667,3,232,20,63,428,07,Ardèche
Auvergne-Rhône-Alpes,2020-05-25,0.5277777777777778,0.4916666666666667,3,232,20,63,428,15,Cantal
Auvergne-Rhône-Alpes,2020-05-25,0.5277777777777778,0.4916666666666667,3,232,20,63,428,26,Drôme
Auvergne-Rhône-Alpes,2020-05-25,0.5277777777777778,0.4916666666666667,3,232,20,63,428,38,Isère
Auvergne-Rhône-Alpes,2020-05-25,0.5277777777777778,0.4916666666666667,3,232,20,63,428,42,Loire
Auvergne-Rhône-Alpes,2020-05-25,0.5277777777777778,0.4916666666666667,3,232,20,63,428,43,Haute-Loire
Auvergne-Rhône-Alpes,2020-05-25,0.5277777777777778,0.4916666666666667,3,232,20,63,428,63,Puy-de-Dôme
Auvergne-Rhône-Alpes,2020-05-25,0.5277777777777778,0.4916666666666667,3,232,20,63,428,69,Rhône
Auvergne-Rhône-Alpes,2020-05-25,0.5277777777777778,0.4916666666666667,3,232,20,63,428,73,Savoie
Auvergne-Rhône-Alpes,2020-05-25,0.5277777777777778,0.4916666666666667,3,232,20,63,428,74,Haute-Savoie
Bourgogne-Franche-Comté,2020-04-06,0.3879056047197641,0.4699115044247789,226,1089,182,185,500,21,Côte-d'Or
Bourgogne-Franche-Comté,2020-04-06,0.3879056047197641,0.4699115044247789,226,1089,182,185,500,25,Doubs
Bourgogne-Franche-Comté,2020-04-06,0.3879056047197641,0.4699115044247789,226,1089,182,185,500,39,Jura
Bourgogne-Franche-Comté,2020-04-06,0.3879056047197641,0.4699115044247789,226,1089,182,185,500,58,Nièvre
Bourgogne-Franche-Comté,2020-04-06,0.3879056047197641,0.4699115044247789,226,1089,182,185,500,70,Haute-Saône
Bourgogne-Franche-Comté,2020-04-06,0.3879056047197641,0.4699115044247789,226,1089,182,185,500,71,Saône-et-Loire
Bourgogne-Franche-Comté,2020-04-06,0.3879056047197641,0.4699115044247789,226,1089,182,185,500,89,Yonne
Bourgogne-Franche-Comté,2020-04-06,0.3879056047197641,0.4699115044247789,226,1089,182,185,500,90,Territoire de Belfort
Bourgogne-Franche-Comté,2020-04-13,0.3333333333333333,0.4847222222222221,36,788,98,145,505,21,Côte-d'Or
Bourgogne-Franche-Comté,2020-04-13,0.3333333333333333,0.4847222222222221,36,788,98,145,505,25,Doubs
Bourgogne-Franche-Comté,2020-04-13,0.3333333333333333,0.4847222222222221,36,788,98,145,505,39,Jura
Bourgogne-Franche-Comté,2020-04-13,0.3333333333333333,0.4847222222222221,36,788,98,145,505,58,Nièvre
Bourgogne-Franche-Comté,2020-04-13,0.3333333333333333,0.4847222222222221,36,788,98,145,505,70,Haute-Saône
Bourgogne-Franche-Comté,2020-04-13,0.3333333333333333,0.4847222222222221,36,788,98,145,505,71,Saône-et-Loire
Bourgogne-Franche-Comté,2020-04-13,0.3333333333333333,0.4847222222222221,36,788,98,145,505,89,Yonne
Bourgogne-Franche-Comté,2020-04-13,0.3333333333333333,0.4847222222222221,36,788,98,145,505,90,Territoire de Belfort
Bourgogne-Franche-Comté,2020-04-20,0.25,0.5,2,612,66,167,419,21,Côte-d'Or
Bourgogne-Franche-Comté,2020-04-20,0.25,0.5,2,612,66,167,419,25,Doubs
Bourgogne-Franche-Comté,2020-04-20,0.25,0.5,2,612,66,167,419,39,Jura
Bourgogne-Franche-Comté,2020-04-20,0.25,0.5,2,612,66,167,419,58,Nièvre
Bourgogne-Franche-Comté,2020-04-20,0.25,0.5,2,612,66,167,419,70,Haute-Saône
Bourgogne-Franche-Comté,2020-04-20,0.25,0.5,2,612,66,167,419,71,Saône-et-Loire
Bourgogne-Franche-Comté,2020-04-20,0.25,0.5,2,612,66,167,419,89,Yonne
Bourgogne-Franche-Comté,2020-04-20,0.25,0.5,2,612,66,167,419,90,Territoire de Belfort
Bourgogne-Franche-Comté,2020-04-27,0.4583333333333333,0.475,2,434,57,138,426,21,Côte-d'Or
Bourgogne-Franche-Comté,2020-04-27,0.4583333333333333,0.475,2,434,57,138,426,25,Doubs
Bourgogne-Franche-Comté,2020-04-27,0.4583333333333333,0.475,2,434,57,138,426,39,Jura
Bourgogne-Franche-Comté,2020-04-27,0.4583333333333333,0.475,2,434,57,138,426,58,Nièvre
Bourgogne-Franche-Comté,2020-04-27,0.4583333333333333,0.475,2,434,57,138,426,70,Haute-Saône
Bourgogne-Franche-Comté,2020-04-27,0.4583333333333333,0.475,2,434,57,138,426,71,Saône-et-Loire
Bourgogne-Franche-Comté,2020-04-27,0.4583333333333333,0.475,2,434,57,138,426,89,Yonne
Bourgogne-Franche-Comté,2020-04-27,0.4583333333333333,0.475,2,434,57,138,426,90,Territoire de Belfort
Bourgogne-Franche-Comté,2020-05-04,1.0,0.625,1,284,36,57,277,21,Côte-d'Or
Bourgogne-Franche-Comté,2020-05-04,1.0,0.625,1,284,36,57,277,25,Doubs
Bourgogne-Franche-Comté,2020-05-04,1.0,0.625,1,284,36,57,277,39,Jura
Bourgogne-Franche-Comté,2020-05-04,1.0,0.625,1,284,36,57,277,58,Nièvre
Bourgogne-Franche-Comté,2020-05-04,1.0,0.625,1,284,36,57,277,70,Haute-Saône
Bourgogne-Franche-Comté,2020-05-04,1.0,0.625,1,284,36,57,277,71,Saône-et-Loire
Bourgogne-Franche-Comté,2020-05-04,1.0,0.625,1,284,36,57,277,89,Yonne
Bourgogne-Franche-Comté,2020-05-04,1.0,0.625,1,284,36,57,277,90,Territoire de Belfort
Bourgogne-Franche-Comté,2020-05-11,0.357843137254902,0.475,17,250,28,70,302,21,Côte-d'Or
Bourgogne-Franche-Comté,2020-05-11,0.357843137254902,0.475,17,250,28,70,302,25,Doubs
Bourgogne-Franche-Comté,2020-05-11,0.357843137254902,0.475,17,250,28,70,302,39,Jura
Bourgogne-Franche-Comté,2020-05-11,0.357843137254902,0.475,17,250,28,70,302,58,Nièvre
Bourgogne-Franche-Comté,2020-05-11,0.357843137254902,0.475,17,250,28,70,302,70,Haute-Saône
Bourgogne-Franche-Comté,2020-05-11,0.357843137254902,0.475,17,250,28,70,302,71,Saône-et-Loire
Bourgogne-Franche-Comté,2020-05-11,0.357843137254902,0.475,17,250,28,70,302,89,Yonne
Bourgogne-Franche-Comté,2020-05-11,0.357843137254902,0.475,17,250,28,70,302,90,Territoire de Belfort
Bretagne,2020-04-06,0.3418246445497629,0.4785545023696682,422,311,72,43,138,22,Côtes-d'Armor
Bretagne,2020-04-06,0.3418246445497629,0.4785545023696682,422,311,72,43,138,29,Finistère
Bretagne,2020-04-06,0.3418246445497629,0.4785545023696682,422,311,72,43,138,35,Ille-et-Vilaine
Bretagne,2020-04-06,0.3418246445497629,0.4785545023696682,422,311,72,43,138,56,Morbihan
Bretagne,2020-04-13,0.3104575163398693,0.4887254901960785,51,285,33,49,204,22,Côtes-d'Armor
Bretagne,2020-04-13,0.3104575163398693,0.4887254901960785,51,285,33,49,204,29,Finistère
Bretagne,2020-04-13,0.3104575163398693,0.4887254901960785,51,285,33,49,204,35,Ille-et-Vilaine
Bretagne,2020-04-13,0.3104575163398693,0.4887254901960785,51,285,33,49,204,56,Morbihan
Bretagne,2020-04-20,0.3452380952380952,0.5250000000000001,7,170,17,55,163,22,Côtes-d'Armor
Bretagne,2020-04-20,0.3452380952380952,0.5250000000000001,7,170,17,55,163,29,Finistère
Bretagne,2020-04-20,0.3452380952380952,0.5250000000000001,7,170,17,55,163,35,Ille-et-Vilaine
Bretagne,2020-04-20,0.3452380952380952,0.5250000000000001,7,170,17,55,163,56,Morbihan
Bretagne,2020-04-27,0.1071428571428571,0.4642857142857143,7,117,11,15,133,22,Côtes-d'Armor
Bretagne,2020-04-27,0.1071428571428571,0.4642857142857143,7,117,11,15,133,29,Finistère
Bretagne,2020-04-27,0.1071428571428571,0.4642857142857143,7,117,11,15,133,35,Ille-et-Vilaine
Bretagne,2020-04-27,0.1071428571428571,0.4642857142857143,7,117,11,15,133,56,Morbihan
Bretagne,2020-05-04,0.4791666666666666,0.4343749999999999,8,80,7,19,101,22,Côtes-d'Armor
Bretagne,2020-05-04,0.4791666666666666,0.4343749999999999,8,80,7,19,101,29,Finistère
Bretagne,2020-05-04,0.4791666666666666,0.4343749999999999,8,80,7,19,101,35,Ille-et-Vilaine
Bretagne,2020-05-04,0.4791666666666666,0.4343749999999999,8,80,7,19,101,56,Morbihan
Bretagne,2020-05-11,0.378623188405797,0.4934782608695652,46,46,12,8,75,22,Côtes-d'Armor
Bretagne,2020-05-11,0.378623188405797,0.4934782608695652,46,46,12,8,75,29,Finistère
Bretagne,2020-05-11,0.378623188405797,0.4934782608695652,46,46,12,8,75,35,Ille-et-Vilaine
Bretagne,2020-05-11,0.378623188405797,0.4934782608695652,46,46,12,8,75,56,Morbihan
Bretagne,2020-05-18,0.1666666666666666,0.4375,2,46,7,10,109,22,Côtes-d'Armor
Bretagne,2020-05-18,0.1666666666666666,0.4375,2,46,7,10,109,29,Finistère
Bretagne,2020-05-18,0.1666666666666666,0.4375,2,46,7,10,109,35,Ille-et-Vilaine
Bretagne,2020-05-18,0.1666666666666666,0.4375,2,46,7,10,109,56,Morbihan
Bretagne,2020-05-25,0.25,0.375,1,40,4,5,50,22,Côtes-d'Armor
Bretagne,2020-05-25,0.25,0.375,1,40,4,5,50,29,Finistère
Bretagne,2020-05-25,0.25,0.375,1,40,4,5,50,35,Ille-et-Vilaine
Bretagne,2020-05-25,0.25,0.375,1,40,4,5,50,56,Morbihan
Centre-Val de Loire,2020-04-06,0.3302213001383126,0.474066390041494,241,651,130,81,238,18,Cher
Centre-Val de Loire,2020-04-06,0.3302213001383126,0.474066390041494,241,651,130,81,238,28,Eure-et-Loir
Centre-Val de Loire,2020-04-06,0.3302213001383126,0.474066390041494,241,651,130,81,238,36,Indre
Centre-Val de Loire,2020-04-06,0.3302213001383126,0.474066390041494,241,651,130,81,238,37,Indre-et-Loire
Centre-Val de Loire,2020-04-06,0.3302213001383126,0.474066390041494,241,651,130,81,238,41,Loir-et-Cher
Centre-Val de Loire,2020-04-06,0.3302213001383126,0.474066390041494,241,651,130,81,238,45,Loiret
Centre-Val de Loire,2020-04-13,0.3580246913580246,0.4648148148148149,27,580,70,84,274,18,Cher
Centre-Val de Loire,2020-04-13,0.3580246913580246,0.4648148148148149,27,580,70,84,274,28,Eure-et-Loir
Centre-Val de Loire,2020-04-13,0.3580246913580246,0.4648148148148149,27,580,70,84,274,36,Indre
Centre-Val de Loire,2020-04-13,0.3580246913580246,0.4648148148148149,27,580,70,84,274,37,Indre-et-Loire
Centre-Val de Loire,2020-04-13,0.3580246913580246,0.4648148148148149,27,580,70,84,274,41,Loir-et-Cher
Centre-Val de Loire,2020-04-13,0.3580246913580246,0.4648148148148149,27,580,70,84,274,45,Loiret
Centre-Val de Loire,2020-04-20,0.35,0.5050000000000001,5,404,48,84,303,18,Cher
Centre-Val de Loire,2020-04-20,0.35,0.5050000000000001,5,404,48,84,303,28,Eure-et-Loir
Centre-Val de Loire,2020-04-20,0.35,0.5050000000000001,5,404,48,84,303,36,Indre
Centre-Val de Loire,2020-04-20,0.35,0.5050000000000001,5,404,48,84,303,37,Indre-et-Loire
Centre-Val de Loire,2020-04-20,0.35,0.5050000000000001,5,404,48,84,303,41,Loir-et-Cher
Centre-Val de Loire,2020-04-20,0.35,0.5050000000000001,5,404,48,84,303,45,Loiret
Centre-Val de Loire,2020-04-27,0.6666666666666666,0.4,1,298,35,70,199,18,Cher
Centre-Val de Loire,2020-04-27,0.6666666666666666,0.4,1,298,35,70,199,28,Eure-et-Loir
Centre-Val de Loire,2020-04-27,0.6666666666666666,0.4,1,298,35,70,199,36,Indre
Centre-Val de Loire,2020-04-27,0.6666666666666666,0.4,1,298,35,70,199,37,Indre-et-Loire
Centre-Val de Loire,2020-04-27,0.6666666666666666,0.4,1,298,35,70,199,41,Loir-et-Cher
Centre-Val de Loire,2020-04-27,0.6666666666666666,0.4,1,298,35,70,199,45,Loiret
Centre-Val de Loire,2020-05-11,0.3846153846153847,0.4211538461538462,13,146,10,38,215,18,Cher
Centre-Val de Loire,2020-05-11,0.3846153846153847,0.4211538461538462,13,146,10,38,215,28,Eure-et-Loir
Centre-Val de Loire,2020-05-11,0.3846153846153847,0.4211538461538462,13,146,10,38,215,36,Indre
Centre-Val de Loire,2020-05-11,0.3846153846153847,0.4211538461538462,13,146,10,38,215,37,Indre-et-Loire
Centre-Val de Loire,2020-05-11,0.3846153846153847,0.4211538461538462,13,146,10,38,215,41,Loir-et-Cher
Centre-Val de Loire,2020-05-11,0.3846153846153847,0.4211538461538462,13,146,10,38,215,45,Loiret
Grand-Est,2020-04-06,0.3413580246913583,0.4860185185185188,540,3616,628,725,1716,08,Ardennes
Grand-Est,2020-04-06,0.3413580246913583,0.4860185185185188,540,3616,628,725,1716,10,Aube
Grand-Est,2020-04-06,0.3413580246913583,0.4860185185185188,540,3616,628,725,1716,51,Marne
Grand-Est,2020-04-06,0.3413580246913583,0.4860185185185188,540,3616,628,725,1716,52,Haute-Marne
Grand-Est,2020-04-06,0.3413580246913583,0.4860185185185188,540,3616,628,725,1716,54,Meurthe-et-Moselle
Grand-Est,2020-04-06,0.3413580246913583,0.4860185185185188,540,3616,628,725,1716,55,Meuse
Grand-Est,2020-04-06,0.3413580246913583,0.4860185185185188,540,3616,628,725,1716,57,Moselle
Grand-Est,2020-04-06,0.3413580246913583,0.4860185185185188,540,3616,628,725,1716,67,Bas-Rhin
Grand-Est,2020-04-06,0.3413580246913583,0.4860185185185188,540,3616,628,725,1716,68,Haut-Rhin
Grand-Est,2020-04-06,0.3413580246913583,0.4860185185185188,540,3616,628,725,1716,88,Vosges
Grand-Est,2020-04-13,0.31,0.4934999999999999,50,2562,270,564,1784,08,Ardennes
Grand-Est,2020-04-13,0.31,0.4934999999999999,50,2562,270,564,1784,10,Aube
Grand-Est,2020-04-13,0.31,0.4934999999999999,50,2562,270,564,1784,51,Marne
Grand-Est,2020-04-13,0.31,0.4934999999999999,50,2562,270,564,1784,52,Haute-Marne
Grand-Est,2020-04-13,0.31,0.4934999999999999,50,2562,270,564,1784,54,Meurthe-et-Moselle
Grand-Est,2020-04-13,0.31,0.4934999999999999,50,2562,270,564,1784,55,Meuse
Grand-Est,2020-04-13,0.31,0.4934999999999999,50,2562,270,564,1784,57,Moselle
Grand-Est,2020-04-13,0.31,0.4934999999999999,50,2562,270,564,1784,67,Bas-Rhin
Grand-Est,2020-04-13,0.31,0.4934999999999999,50,2562,270,564,1784,68,Haut-Rhin
Grand-Est,2020-04-13,0.31,0.4934999999999999,50,2562,270,564,1784,88,Vosges
Grand-Est,2020-04-20,0.3771929824561403,0.5052631578947369,19,1716,193,435,1565,08,Ardennes
Grand-Est,2020-04-20,0.3771929824561403,0.5052631578947369,19,1716,193,435,1565,10,Aube
Grand-Est,2020-04-20,0.3771929824561403,0.5052631578947369,19,1716,193,435,1565,51,Marne
Grand-Est,2020-04-20,0.3771929824561403,0.5052631578947369,19,1716,193,435,1565,52,Haute-Marne
Grand-Est,2020-04-20,0.3771929824561403,0.5052631578947369,19,1716,193,435,1565,54,Meurthe-et-Moselle
Grand-Est,2020-04-20,0.3771929824561403,0.5052631578947369,19,1716,193,435,1565,55,Meuse
Grand-Est,2020-04-20,0.3771929824561403,0.5052631578947369,19,1716,193,435,1565,57,Moselle
Grand-Est,2020-04-20,0.3771929824561403,0.5052631578947369,19,1716,193,435,1565,67,Bas-Rhin
Grand-Est,2020-04-20,0.3771929824561403,0.5052631578947369,19,1716,193,435,1565,68,Haut-Rhin
Grand-Est,2020-04-20,0.3771929824561403,0.5052631578947369,19,1716,193,435,1565,88,Vosges
Grand-Est,2020-04-27,0.3611111111111111,0.4833333333333334,6,1245,139,280,1263,08,Ardennes
Grand-Est,2020-04-27,0.3611111111111111,0.4833333333333334,6,1245,139,280,1263,10,Aube
Grand-Est,2020-04-27,0.3611111111111111,0.4833333333333334,6,1245,139,280,1263,51,Marne
Grand-Est,2020-04-27,0.3611111111111111,0.4833333333333334,6,1245,139,280,1263,52,Haute-Marne
Grand-Est,2020-04-27,0.3611111111111111,0.4833333333333334,6,1245,139,280,1263,54,Meurthe-et-Moselle
Grand-Est,2020-04-27,0.3611111111111111,0.4833333333333334,6,1245,139,280,1263,55,Meuse
Grand-Est,2020-04-27,0.3611111111111111,0.4833333333333334,6,1245,139,280,1263,57,Moselle
Grand-Est,2020-04-27,0.3611111111111111,0.4833333333333334,6,1245,139,280,1263,67,Bas-Rhin
Grand-Est,2020-04-27,0.3611111111111111,0.4833333333333334,6,1245,139,280,1263,68,Haut-Rhin
Grand-Est,2020-04-27,0.3611111111111111,0.4833333333333334,6,1245,139,280,1263,88,Vosges
Grand-Est,2020-05-04,0.25,0.475,6,910,112,225,1087,08,Ardennes
Grand-Est,2020-05-04,0.25,0.475,6,910,112,225,1087,10,Aube
Grand-Est,2020-05-04,0.25,0.475,6,910,112,225,1087,51,Marne
Grand-Est,2020-05-04,0.25,0.475,6,910,112,225,1087,52,Haute-Marne
Grand-Est,2020-05-04,0.25,0.475,6,910,112,225,1087,54,Meurthe-et-Moselle
Grand-Est,2020-05-04,0.25,0.475,6,910,112,225,1087,55,Meuse
Grand-Est,2020-05-04,0.25,0.475,6,910,112,225,1087,57,Moselle
Grand-Est,2020-05-04,0.25,0.475,6,910,112,225,1087,67,Bas-Rhin
Grand-Est,2020-05-04,0.25,0.475,6,910,112,225,1087,68,Haut-Rhin
Grand-Est,2020-05-04,0.25,0.475,6,910,112,225,1087,88,Vosges
Grand-Est,2020-05-11,0.2906504065040651,0.4707317073170732,41,658,68,169,831,08,Ardennes
Grand-Est,2020-05-11,0.2906504065040651,0.4707317073170732,41,658,68,169,831,10,Aube
Grand-Est,2020-05-11,0.2906504065040651,0.4707317073170732,41,658,68,169,831,51,Marne
Grand-Est,2020-05-11,0.2906504065040651,0.4707317073170732,41,658,68,169,831,52,Haute-Marne
Grand-Est,2020-05-11,0.2906504065040651,0.4707317073170732,41,658,68,169,831,54,Meurthe-et-Moselle
Grand-Est,2020-05-11,0.2906504065040651,0.4707317073170732,41,658,68,169,831,55,Meuse
Grand-Est,2020-05-11,0.2906504065040651,0.4707317073170732,41,658,68,169,831,57,Moselle
Grand-Est,2020-05-11,0.2906504065040651,0.4707317073170732,41,658,68,169,831,67,Bas-Rhin
Grand-Est,2020-05-11,0.2906504065040651,0.4707317073170732,41,658,68,169,831,68,Haut-Rhin
Grand-Est,2020-05-11,0.2906504065040651,0.4707317073170732,41,658,68,169,831,88,Vosges
Grand-Est,2020-05-18,0.2666666666666666,0.415,5,567,52,167,871,08,Ardennes
Grand-Est,2020-05-18,0.2666666666666666,0.415,5,567,52,167,871,10,Aube
Grand-Est,2020-05-18,0.2666666666666666,0.415,5,567,52,167,871,51,Marne
Grand-Est,2020-05-18,0.2666666666666666,0.415,5,567,52,167,871,52,Haute-Marne
Grand-Est,2020-05-18,0.2666666666666666,0.415,5,567,52,167,871,54,Meurthe-et-Moselle
Grand-Est,2020-05-18,0.2666666666666666,0.415,5,567,52,167,871,55,Meuse
Grand-Est,2020-05-18,0.2666666666666666,0.415,5,567,52,167,871,57,Moselle
Grand-Est,2020-05-18,0.2666666666666666,0.415,5,567,52,167,871,67,Bas-Rhin
Grand-Est,2020-05-18,0.2666666666666666,0.415,5,567,52,167,871,68,Haut-Rhin
Grand-Est,2020-05-18,0.2666666666666666,0.415,5,567,52,167,871,88,Vosges
Grand-Est,2020-05-25,0.3333333333333333,0.45,1,373,52,89,586,08,Ardennes
Grand-Est,2020-05-25,0.3333333333333333,0.45,1,373,52,89,586,10,Aube
Grand-Est,2020-05-25,0.3333333333333333,0.45,1,373,52,89,586,51,Marne
Grand-Est,2020-05-25,0.3333333333333333,0.45,1,373,52,89,586,52,Haute-Marne
Grand-Est,2020-05-25,0.3333333333333333,0.45,1,373,52,89,586,54,Meurthe-et-Moselle
Grand-Est,2020-05-25,0.3333333333333333,0.45,1,373,52,89,586,55,Meuse
Grand-Est,2020-05-25,0.3333333333333333,0.45,1,373,52,89,586,57,Moselle
Grand-Est,2020-05-25,0.3333333333333333,0.45,1,373,52,89,586,67,Bas-Rhin
Grand-Est,2020-05-25,0.3333333333333333,0.45,1,373,52,89,586,68,Haut-Rhin
Grand-Est,2020-05-25,0.3333333333333333,0.45,1,373,52,89,586,88,Vosges
Hauts-de-France,2020-04-06,0.3616938616938618,0.4910256410256416,429,2024,339,345,743,02,Aisne
Hauts-de-France,2020-04-06,0.3616938616938618,0.4910256410256416,429,2024,339,345,743,59,Nord
Hauts-de-France,2020-04-06,0.3616938616938618,0.4910256410256416,429,2024,339,345,743,60,Oise
Hauts-de-France,2020-04-06,0.3616938616938618,0.4910256410256416,429,2024,339,345,743,62,Pas-de-Calais
Hauts-de-France,2020-04-06,0.3616938616938618,0.4910256410256416,429,2024,339,345,743,80,Somme
Hauts-de-France,2020-04-13,0.3513888888888888,0.4924999999999999,60,1550,191,303,925,02,Aisne
Hauts-de-France,2020-04-13,0.3513888888888888,0.4924999999999999,60,1550,191,303,925,59,Nord
Hauts-de-France,2020-04-13,0.3513888888888888,0.4924999999999999,60,1550,191,303,925,60,Oise
Hauts-de-France,2020-04-13,0.3513888888888888,0.4924999999999999,60,1550,191,303,925,62,Pas-de-Calais
Hauts-de-France,2020-04-13,0.3513888888888888,0.4924999999999999,60,1550,191,303,925,80,Somme
Hauts-de-France,2020-04-20,0.3819444444444444,0.48125,12,1218,136,264,857,02,Aisne
Hauts-de-France,2020-04-20,0.3819444444444444,0.48125,12,1218,136,264,857,59,Nord
Hauts-de-France,2020-04-20,0.3819444444444444,0.48125,12,1218,136,264,857,60,Oise
Hauts-de-France,2020-04-20,0.3819444444444444,0.48125,12,1218,136,264,857,62,Pas-de-Calais
Hauts-de-France,2020-04-20,0.3819444444444444,0.48125,12,1218,136,264,857,80,Somme
Hauts-de-France,2020-04-27,0.2291666666666666,0.525,4,926,86,201,884,02,Aisne
Hauts-de-France,2020-04-27,0.2291666666666666,0.525,4,926,86,201,884,59,Nord
Hauts-de-France,2020-04-27,0.2291666666666666,0.525,4,926,86,201,884,60,Oise
Hauts-de-France,2020-04-27,0.2291666666666666,0.525,4,926,86,201,884,62,Pas-de-Calais
Hauts-de-France,2020-04-27,0.2291666666666666,0.525,4,926,86,201,884,80,Somme
Hauts-de-France,2020-05-04,0.0833333333333333,0.475,1,507,54,115,526,02,Aisne
Hauts-de-France,2020-05-04,0.0833333333333333,0.475,1,507,54,115,526,59,Nord
Hauts-de-France,2020-05-04,0.0833333333333333,0.475,1,507,54,115,526,60,Oise
Hauts-de-France,2020-05-04,0.0833333333333333,0.475,1,507,54,115,526,62,Pas-de-Calais
Hauts-de-France,2020-05-04,0.0833333333333333,0.475,1,507,54,115,526,80,Somme
Hauts-de-France,2020-05-11,0.3397435897435897,0.475,26,401,57,125,521,02,Aisne
Hauts-de-France,2020-05-11,0.3397435897435897,0.475,26,401,57,125,521,59,Nord
Hauts-de-France,2020-05-11,0.3397435897435897,0.475,26,401,57,125,521,60,Oise
Hauts-de-France,2020-05-11,0.3397435897435897,0.475,26,401,57,125,521,62,Pas-de-Calais
Hauts-de-France,2020-05-11,0.3397435897435897,0.475,26,401,57,125,521,80,Somme
Hauts-de-France,2020-05-18,0.4166666666666667,0.5,1,366,38,96,491,02,Aisne
Hauts-de-France,2020-05-18,0.4166666666666667,0.5,1,366,38,96,491,59,Nord
Hauts-de-France,2020-05-18,0.4166666666666667,0.5,1,366,38,96,491,60,Oise
Hauts-de-France,2020-05-18,0.4166666666666667,0.5,1,366,38,96,491,62,Pas-de-Calais
Hauts-de-France,2020-05-18,0.4166666666666667,0.5,1,366,38,96,491,80,Somme
Normandie,2020-04-06,0.3193277310924368,0.4692226890756302,238,571,138,86,231,14,Calvados
Normandie,2020-04-06,0.3193277310924368,0.4692226890756302,238,571,138,86,231,27,Eure
Normandie,2020-04-06,0.3193277310924368,0.4692226890756302,238,571,138,86,231,50,Manche
Normandie,2020-04-06,0.3193277310924368,0.4692226890756302,238,571,138,86,231,61,Orne
Normandie,2020-04-06,0.3193277310924368,0.4692226890756302,238,571,138,86,231,76,Seine-Maritime
Normandie,2020-04-13,0.3720238095238095,0.4482142857142857,28,386,53,87,268,14,Calvados
Normandie,2020-04-13,0.3720238095238095,0.4482142857142857,28,386,53,87,268,27,Eure
Normandie,2020-04-13,0.3720238095238095,0.4482142857142857,28,386,53,87,268,50,Manche
Normandie,2020-04-13,0.3720238095238095,0.4482142857142857,28,386,53,87,268,61,Orne
Normandie,2020-04-13,0.3720238095238095,0.4482142857142857,28,386,53,87,268,76,Seine-Maritime
Normandie,2020-04-20,0.5833333333333334,0.4625,4,287,41,74,230,14,Calvados
Normandie,2020-04-20,0.5833333333333334,0.4625,4,287,41,74,230,27,Eure
Normandie,2020-04-20,0.5833333333333334,0.4625,4,287,41,74,230,50,Manche
Normandie,2020-04-20,0.5833333333333334,0.4625,4,287,41,74,230,61,Orne
Normandie,2020-04-20,0.5833333333333334,0.4625,4,287,41,74,230,76,Seine-Maritime
Normandie,2020-04-27,0.1666666666666666,0.6,1,183,25,41,178,14,Calvados
Normandie,2020-04-27,0.1666666666666666,0.6,1,183,25,41,178,27,Eure
Normandie,2020-04-27,0.1666666666666666,0.6,1,183,25,41,178,50,Manche
Normandie,2020-04-27,0.1666666666666666,0.6,1,183,25,41,178,61,Orne
Normandie,2020-04-27,0.1666666666666666,0.6,1,183,25,41,178,76,Seine-Maritime
Normandie,2020-05-11,0.3072916666666667,0.471875,16,87,5,21,104,14,Calvados
Normandie,2020-05-11,0.3072916666666667,0.471875,16,87,5,21,104,27,Eure
Normandie,2020-05-11,0.3072916666666667,0.471875,16,87,5,21,104,50,Manche
Normandie,2020-05-11,0.3072916666666667,0.471875,16,87,5,21,104,61,Orne
Normandie,2020-05-11,0.3072916666666667,0.471875,16,87,5,21,104,76,Seine-Maritime
Normandie,2020-05-18,0.6666666666666666,0.525,2,67,9,18,98,14,Calvados
Normandie,2020-05-18,0.6666666666666666,0.525,2,67,9,18,98,27,Eure
Normandie,2020-05-18,0.6666666666666666,0.525,2,67,9,18,98,50,Manche
Normandie,2020-05-18,0.6666666666666666,0.525,2,67,9,18,98,61,Orne
Normandie,2020-05-18,0.6666666666666666,0.525,2,67,9,18,98,76,Seine-Maritime
Nouvelle-Aquitaine,2020-04-06,0.3525754884547069,0.4872557726465368,563,627,115,74,378,16,Charente
Nouvelle-Aquitaine,2020-04-06,0.3525754884547069,0.4872557726465368,563,627,115,74,378,17,Charente-Maritime
Nouvelle-Aquitaine,2020-04-06,0.3525754884547069,0.4872557726465368,563,627,115,74,378,19,Corrèze
Nouvelle-Aquitaine,2020-04-06,0.3525754884547069,0.4872557726465368,563,627,115,74,378,23,Creuse
Nouvelle-Aquitaine,2020-04-06,0.3525754884547069,0.4872557726465368,563,627,115,74,378,24,Dordogne
Nouvelle-Aquitaine,2020-04-06,0.3525754884547069,0.4872557726465368,563,627,115,74,378,33,Gironde
Nouvelle-Aquitaine,2020-04-06,0.3525754884547069,0.4872557726465368,563,627,115,74,378,40,Landes
Nouvelle-Aquitaine,2020-04-06,0.3525754884547069,0.4872557726465368,563,627,115,74,378,47,Lot-et-Garonne
Nouvelle-Aquitaine,2020-04-06,0.3525754884547069,0.4872557726465368,563,627,115,74,378,64,Pyrénées-Atlantiques
Nouvelle-Aquitaine,2020-04-06,0.3525754884547069,0.4872557726465368,563,627,115,74,378,79,Deux-Sèvres
Nouvelle-Aquitaine,2020-04-06,0.3525754884547069,0.4872557726465368,563,627,115,74,378,86,Vienne
Nouvelle-Aquitaine,2020-04-06,0.3525754884547069,0.4872557726465368,563,627,115,74,378,87,Haute-Vienne
Nouvelle-Aquitaine,2020-04-13,0.3461538461538462,0.4846153846153846,65,502,76,62,340,16,Charente
Nouvelle-Aquitaine,2020-04-13,0.3461538461538462,0.4846153846153846,65,502,76,62,340,17,Charente-Maritime
Nouvelle-Aquitaine,2020-04-13,0.3461538461538462,0.4846153846153846,65,502,76,62,340,19,Corrèze
Nouvelle-Aquitaine,2020-04-13,0.3461538461538462,0.4846153846153846,65,502,76,62,340,23,Creuse
Nouvelle-Aquitaine,2020-04-13,0.3461538461538462,0.4846153846153846,65,502,76,62,340,24,Dordogne
Nouvelle-Aquitaine,2020-04-13,0.3461538461538462,0.4846153846153846,65,502,76,62,340,33,Gironde
Nouvelle-Aquitaine,2020-04-13,0.3461538461538462,0.4846153846153846,65,502,76,62,340,40,Landes
Nouvelle-Aquitaine,2020-04-13,0.3461538461538462,0.4846153846153846,65,502,76,62,340,47,Lot-et-Garonne
Nouvelle-Aquitaine,2020-04-13,0.3461538461538462,0.4846153846153846,65,502,76,62,340,64,Pyrénées-Atlantiques
Nouvelle-Aquitaine,2020-04-13,0.3461538461538462,0.4846153846153846,65,502,76,62,340,79,Deux-Sèvres
Nouvelle-Aquitaine,2020-04-13,0.3461538461538462,0.4846153846153846,65,502,76,62,340,86,Vienne
Nouvelle-Aquitaine,2020-04-13,0.3461538461538462,0.4846153846153846,65,502,76,62,340,87,Haute-Vienne
Nouvelle-Aquitaine,2020-04-20,0.2083333333333333,0.4624999999999999,4,350,32,68,265,16,Charente
Nouvelle-Aquitaine,2020-04-20,0.2083333333333333,0.4624999999999999,4,350,32,68,265,17,Charente-Maritime
Nouvelle-Aquitaine,2020-04-20,0.2083333333333333,0.4624999999999999,4,350,32,68,265,19,Corrèze
Nouvelle-Aquitaine,2020-04-20,0.2083333333333333,0.4624999999999999,4,350,32,68,265,23,Creuse
Nouvelle-Aquitaine,2020-04-20,0.2083333333333333,0.4624999999999999,4,350,32,68,265,24,Dordogne
Nouvelle-Aquitaine,2020-04-20,0.2083333333333333,0.4624999999999999,4,350,32,68,265,33,Gironde
Nouvelle-Aquitaine,2020-04-20,0.2083333333333333,0.4624999999999999,4,350,32,68,265,40,Landes
Nouvelle-Aquitaine,2020-04-20,0.2083333333333333,0.4624999999999999,4,350,32,68,265,47,Lot-et-Garonne
Nouvelle-Aquitaine,2020-04-20,0.2083333333333333,0.4624999999999999,4,350,32,68,265,64,Pyrénées-Atlantiques
Nouvelle-Aquitaine,2020-04-20,0.2083333333333333,0.4624999999999999,4,350,32,68,265,79,Deux-Sèvres
Nouvelle-Aquitaine,2020-04-20,0.2083333333333333,0.4624999999999999,4,350,32,68,265,86,Vienne
Nouvelle-Aquitaine,2020-04-20,0.2083333333333333,0.4624999999999999,4,350,32,68,265,87,Haute-Vienne
Nouvelle-Aquitaine,2020-04-27,0.3333333333333333,0.5375000000000001,2,187,16,43,234,16,Charente
Nouvelle-Aquitaine,2020-04-27,0.3333333333333333,0.5375000000000001,2,187,16,43,234,17,Charente-Maritime
Nouvelle-Aquitaine,2020-04-27,0.3333333333333333,0.5375000000000001,2,187,16,43,234,19,Corrèze
Nouvelle-Aquitaine,2020-04-27,0.3333333333333333,0.5375000000000001,2,187,16,43,234,23,Creuse
Nouvelle-Aquitaine,2020-04-27,0.3333333333333333,0.5375000000000001,2,187,16,43,234,24,Dordogne
Nouvelle-Aquitaine,2020-04-27,0.3333333333333333,0.5375000000000001,2,187,16,43,234,33,Gironde
Nouvelle-Aquitaine,2020-04-27,0.3333333333333333,0.5375000000000001,2,187,16,43,234,40,Landes
Nouvelle-Aquitaine,2020-04-27,0.3333333333333333,0.5375000000000001,2,187,16,43,234,47,Lot-et-Garonne
Nouvelle-Aquitaine,2020-04-27,0.3333333333333333,0.5375000000000001,2,187,16,43,234,64,Pyrénées-Atlantiques
Nouvelle-Aquitaine,2020-04-27,0.3333333333333333,0.5375000000000001,2,187,16,43,234,79,Deux-Sèvres
Nouvelle-Aquitaine,2020-04-27,0.3333333333333333,0.5375000000000001,2,187,16,43,234,86,Vienne
Nouvelle-Aquitaine,2020-04-27,0.3333333333333333,0.5375000000000001,2,187,16,43,234,87,Haute-Vienne
Nouvelle-Aquitaine,2020-05-04,0.1666666666666666,0.4875,2,127,16,36,205,16,Charente
Nouvelle-Aquitaine,2020-05-04,0.1666666666666666,0.4875,2,127,16,36,205,17,Charente-Maritime
Nouvelle-Aquitaine,2020-05-04,0.1666666666666666,0.4875,2,127,16,36,205,19,Corrèze
Nouvelle-Aquitaine,2020-05-04,0.1666666666666666,0.4875,2,127,16,36,205,23,Creuse
Nouvelle-Aquitaine,2020-05-04,0.1666666666666666,0.4875,2,127,16,36,205,24,Dordogne
Nouvelle-Aquitaine,2020-05-04,0.1666666666666666,0.4875,2,127,16,36,205,33,Gironde
Nouvelle-Aquitaine,2020-05-04,0.1666666666666666,0.4875,2,127,16,36,205,40,Landes
Nouvelle-Aquitaine,2020-05-04,0.1666666666666666,0.4875,2,127,16,36,205,47,Lot-et-Garonne
Nouvelle-Aquitaine,2020-05-04,0.1666666666666666,0.4875,2,127,16,36,205,64,Pyrénées-Atlantiques
Nouvelle-Aquitaine,2020-05-04,0.1666666666666666,0.4875,2,127,16,36,205,79,Deux-Sèvres
Nouvelle-Aquitaine,2020-05-04,0.1666666666666666,0.4875,2,127,16,36,205,86,Vienne
Nouvelle-Aquitaine,2020-05-04,0.1666666666666666,0.4875,2,127,16,36,205,87,Haute-Vienne
Nouvelle-Aquitaine,2020-05-11,0.3074712643678162,0.4844827586206895,29,107,13,23,156,16,Charente
Nouvelle-Aquitaine,2020-05-11,0.3074712643678162,0.4844827586206895,29,107,13,23,156,17,Charente-Maritime
Nouvelle-Aquitaine,2020-05-11,0.3074712643678162,0.4844827586206895,29,107,13,23,156,19,Corrèze
Nouvelle-Aquitaine,2020-05-11,0.3074712643678162,0.4844827586206895,29,107,13,23,156,23,Creuse
Nouvelle-Aquitaine,2020-05-11,0.3074712643678162,0.4844827586206895,29,107,13,23,156,24,Dordogne
Nouvelle-Aquitaine,2020-05-11,0.3074712643678162,0.4844827586206895,29,107,13,23,156,33,Gironde
Nouvelle-Aquitaine,2020-05-11,0.3074712643678162,0.4844827586206895,29,107,13,23,156,40,Landes
Nouvelle-Aquitaine,2020-05-11,0.3074712643678162,0.4844827586206895,29,107,13,23,156,47,Lot-et-Garonne
Nouvelle-Aquitaine,2020-05-11,0.3074712643678162,0.4844827586206895,29,107,13,23,156,64,Pyrénées-Atlantiques
Nouvelle-Aquitaine,2020-05-11,0.3074712643678162,0.4844827586206895,29,107,13,23,156,79,Deux-Sèvres
Nouvelle-Aquitaine,2020-05-11,0.3074712643678162,0.4844827586206895,29,107,13,23,156,86,Vienne
Nouvelle-Aquitaine,2020-05-11,0.3074712643678162,0.4844827586206895,29,107,13,23,156,87,Haute-Vienne
Nouvelle-Aquitaine,2020-05-18,0.4166666666666667,0.5875,2,74,4,18,101,16,Charente
Nouvelle-Aquitaine,2020-05-18,0.4166666666666667,0.5875,2,74,4,18,101,17,Charente-Maritime
Nouvelle-Aquitaine,2020-05-18,0.4166666666666667,0.5875,2,74,4,18,101,19,Corrèze
Nouvelle-Aquitaine,2020-05-18,0.4166666666666667,0.5875,2,74,4,18,101,23,Creuse
Nouvelle-Aquitaine,2020-05-18,0.4166666666666667,0.5875,2,74,4,18,101,24,Dordogne
Nouvelle-Aquitaine,2020-05-18,0.4166666666666667,0.5875,2,74,4,18,101,33,Gironde
Nouvelle-Aquitaine,2020-05-18,0.4166666666666667,0.5875,2,74,4,18,101,40,Landes
Nouvelle-Aquitaine,2020-05-18,0.4166666666666667,0.5875,2,74,4,18,101,47,Lot-et-Garonne
Nouvelle-Aquitaine,2020-05-18,0.4166666666666667,0.5875,2,74,4,18,101,64,Pyrénées-Atlantiques
Nouvelle-Aquitaine,2020-05-18,0.4166666666666667,0.5875,2,74,4,18,101,79,Deux-Sèvres
Nouvelle-Aquitaine,2020-05-18,0.4166666666666667,0.5875,2,74,4,18,101,86,Vienne
Nouvelle-Aquitaine,2020-05-18,0.4166666666666667,0.5875,2,74,4,18,101,87,Haute-Vienne
Nouvelle-Aquitaine,2020-05-25,0.9166666666666666,0.55,1,61,13,9,109,16,Charente
Nouvelle-Aquitaine,2020-05-25,0.9166666666666666,0.55,1,61,13,9,109,17,Charente-Maritime
Nouvelle-Aquitaine,2020-05-25,0.9166666666666666,0.55,1,61,13,9,109,19,Corrèze
Nouvelle-Aquitaine,2020-05-25,0.9166666666666666,0.55,1,61,13,9,109,23,Creuse
Nouvelle-Aquitaine,2020-05-25,0.9166666666666666,0.55,1,61,13,9,109,24,Dordogne
Nouvelle-Aquitaine,2020-05-25,0.9166666666666666,0.55,1,61,13,9,109,33,Gironde
Nouvelle-Aquitaine,2020-05-25,0.9166666666666666,0.55,1,61,13,9,109,40,Landes
Nouvelle-Aquitaine,2020-05-25,0.9166666666666666,0.55,1,61,13,9,109,47,Lot-et-Garonne
Nouvelle-Aquitaine,2020-05-25,0.9166666666666666,0.55,1,61,13,9,109,64,Pyrénées-Atlantiques
Nouvelle-Aquitaine,2020-05-25,0.9166666666666666,0.55,1,61,13,9,109,79,Deux-Sèvres
Nouvelle-Aquitaine,2020-05-25,0.9166666666666666,0.55,1,61,13,9,109,86,Vienne
Nouvelle-Aquitaine,2020-05-25,0.9166666666666666,0.55,1,61,13,9,109,87,Haute-Vienne
Occitanie,2020-04-06,0.3532897919690375,0.4808055152394777,689,806,179,92,463,09,Ariège
Occitanie,2020-04-06,0.3532897919690375,0.4808055152394777,689,806,179,92,463,11,Aude
Occitanie,2020-04-06,0.3532897919690375,0.4808055152394777,689,806,179,92,463,12,Aveyron
Occitanie,2020-04-06,0.3532897919690375,0.4808055152394777,689,806,179,92,463,30,Gard
Occitanie,2020-04-06,0.3532897919690375,0.4808055152394777,689,806,179,92,463,31,Haute-Garonne
Occitanie,2020-04-06,0.3532897919690375,0.4808055152394777,689,806,179,92,463,32,Gers
Occitanie,2020-04-06,0.3532897919690375,0.4808055152394777,689,806,179,92,463,34,Hérault
Occitanie,2020-04-06,0.3532897919690375,0.4808055152394777,689,806,179,92,463,46,Lot
Occitanie,2020-04-06,0.3532897919690375,0.4808055152394777,689,806,179,92,463,48,Lozère
Occitanie,2020-04-06,0.3532897919690375,0.4808055152394777,689,806,179,92,463,65,Hautes-Pyrénées
Occitanie,2020-04-06,0.3532897919690375,0.4808055152394777,689,806,179,92,463,66,Pyrénées-Orientales
Occitanie,2020-04-06,0.3532897919690375,0.4808055152394777,689,806,179,92,463,81,Tarn
Occitanie,2020-04-06,0.3532897919690375,0.4808055152394777,689,806,179,92,463,82,Tarn-et-Garonne
Occitanie,2020-04-13,0.3746498599439776,0.4920168067226891,119,557,96,78,530,09,Ariège
Occitanie,2020-04-13,0.3746498599439776,0.4920168067226891,119,557,96,78,530,11,Aude
Occitanie,2020-04-13,0.3746498599439776,0.4920168067226891,119,557,96,78,530,12,Aveyron
Occitanie,2020-04-13,0.3746498599439776,0.4920168067226891,119,557,96,78,530,30,Gard
Occitanie,2020-04-13,0.3746498599439776,0.4920168067226891,119,557,96,78,530,31,Haute-Garonne
Occitanie,2020-04-13,0.3746498599439776,0.4920168067226891,119,557,96,78,530,32,Gers
Occitanie,2020-04-13,0.3746498599439776,0.4920168067226891,119,557,96,78,530,34,Hérault
Occitanie,2020-04-13,0.3746498599439776,0.4920168067226891,119,557,96,78,530,46,Lot
Occitanie,2020-04-13,0.3746498599439776,0.4920168067226891,119,557,96,78,530,48,Lozère
Occitanie,2020-04-13,0.3746498599439776,0.4920168067226891,119,557,96,78,530,65,Hautes-Pyrénées
Occitanie,2020-04-13,0.3746498599439776,0.4920168067226891,119,557,96,78,530,66,Pyrénées-Orientales
Occitanie,2020-04-13,0.3746498599439776,0.4920168067226891,119,557,96,78,530,81,Tarn
Occitanie,2020-04-13,0.3746498599439776,0.4920168067226891,119,557,96,78,530,82,Tarn-et-Garonne
Occitanie,2020-04-20,0.3557692307692308,0.4913461538461539,26,464,74,65,438,09,Ariège
Occitanie,2020-04-20,0.3557692307692308,0.4913461538461539,26,464,74,65,438,11,Aude
Occitanie,2020-04-20,0.3557692307692308,0.4913461538461539,26,464,74,65,438,12,Aveyron
Occitanie,2020-04-20,0.3557692307692308,0.4913461538461539,26,464,74,65,438,30,Gard
Occitanie,2020-04-20,0.3557692307692308,0.4913461538461539,26,464,74,65,438,31,Haute-Garonne
Occitanie,2020-04-20,0.3557692307692308,0.4913461538461539,26,464,74,65,438,32,Gers
Occitanie,2020-04-20,0.3557692307692308,0.4913461538461539,26,464,74,65,438,34,Hérault
Occitanie,2020-04-20,0.3557692307692308,0.4913461538461539,26,464,74,65,438,46,Lot
Occitanie,2020-04-20,0.3557692307692308,0.4913461538461539,26,464,74,65,438,48,Lozère
Occitanie,2020-04-20,0.3557692307692308,0.4913461538461539,26,464,74,65,438,65,Hautes-Pyrénées
Occitanie,2020-04-20,0.3557692307692308,0.4913461538461539,26,464,74,65,438,66,Pyrénées-Orientales
Occitanie,2020-04-20,0.3557692307692308,0.4913461538461539,26,464,74,65,438,81,Tarn
Occitanie,2020-04-20,0.3557692307692308,0.4913461538461539,26,464,74,65,438,82,Tarn-et-Garonne
Occitanie,2020-04-27,0.4583333333333333,0.4875,6,238,28,63,315,09,Ariège
Occitanie,2020-04-27,0.4583333333333333,0.4875,6,238,28,63,315,11,Aude
Occitanie,2020-04-27,0.4583333333333333,0.4875,6,238,28,63,315,12,Aveyron
Occitanie,2020-04-27,0.4583333333333333,0.4875,6,238,28,63,315,30,Gard
Occitanie,2020-04-27,0.4583333333333333,0.4875,6,238,28,63,315,31,Haute-Garonne
Occitanie,2020-04-27,0.4583333333333333,0.4875,6,238,28,63,315,32,Gers
Occitanie,2020-04-27,0.4583333333333333,0.4875,6,238,28,63,315,34,Hérault
Occitanie,2020-04-27,0.4583333333333333,0.4875,6,238,28,63,315,46,Lot
Occitanie,2020-04-27,0.4583333333333333,0.4875,6,238,28,63,315,48,Lozère
Occitanie,2020-04-27,0.4583333333333333,0.4875,6,238,28,63,315,65,Hautes-Pyrénées
Occitanie,2020-04-27,0.4583333333333333,0.4875,6,238,28,63,315,66,Pyrénées-Orientales
Occitanie,2020-04-27,0.4583333333333333,0.4875,6,238,28,63,315,81,Tarn
Occitanie,2020-04-27,0.4583333333333333,0.4875,6,238,28,63,315,82,Tarn-et-Garonne
Occitanie,2020-05-04,0.0833333333333333,0.5,1,162,19,59,218,09,Ariège
Occitanie,2020-05-04,0.0833333333333333,0.5,1,162,19,59,218,11,Aude
Occitanie,2020-05-04,0.0833333333333333,0.5,1,162,19,59,218,12,Aveyron
Occitanie,2020-05-04,0.0833333333333333,0.5,1,162,19,59,218,30,Gard
Occitanie,2020-05-04,0.0833333333333333,0.5,1,162,19,59,218,31,Haute-Garonne
Occitanie,2020-05-04,0.0833333333333333,0.5,1,162,19,59,218,32,Gers
Occitanie,2020-05-04,0.0833333333333333,0.5,1,162,19,59,218,34,Hérault
Occitanie,2020-05-04,0.0833333333333333,0.5,1,162,19,59,218,46,Lot
Occitanie,2020-05-04,0.0833333333333333,0.5,1,162,19,59,218,48,Lozère
Occitanie,2020-05-04,0.0833333333333333,0.5,1,162,19,59,218,65,Hautes-Pyrénées
Occitanie,2020-05-04,0.0833333333333333,0.5,1,162,19,59,218,66,Pyrénées-Orientales
Occitanie,2020-05-04,0.0833333333333333,0.5,1,162,19,59,218,81,Tarn
Occitanie,2020-05-04,0.0833333333333333,0.5,1,162,19,59,218,82,Tarn-et-Garonne
Occitanie,2020-05-11,0.3199404761904762,0.4924107142857142,56,124,20,31,206,09,Ariège
Occitanie,2020-05-11,0.3199404761904762,0.4924107142857142,56,124,20,31,206,11,Aude
Occitanie,2020-05-11,0.3199404761904762,0.4924107142857142,56,124,20,31,206,12,Aveyron
Occitanie,2020-05-11,0.3199404761904762,0.4924107142857142,56,124,20,31,206,30,Gard
Occitanie,2020-05-11,0.3199404761904762,0.4924107142857142,56,124,20,31,206,31,Haute-Garonne
Occitanie,2020-05-11,0.3199404761904762,0.4924107142857142,56,124,20,31,206,32,Gers
Occitanie,2020-05-11,0.3199404761904762,0.4924107142857142,56,124,20,31,206,34,Hérault
Occitanie,2020-05-11,0.3199404761904762,0.4924107142857142,56,124,20,31,206,46,Lot
Occitanie,2020-05-11,0.3199404761904762,0.4924107142857142,56,124,20,31,206,48,Lozère
Occitanie,2020-05-11,0.3199404761904762,0.4924107142857142,56,124,20,31,206,65,Hautes-Pyrénées
Occitanie,2020-05-11,0.3199404761904762,0.4924107142857142,56,124,20,31,206,66,Pyrénées-Orientales
Occitanie,2020-05-11,0.3199404761904762,0.4924107142857142,56,124,20,31,206,81,Tarn
Occitanie,2020-05-11,0.3199404761904762,0.4924107142857142,56,124,20,31,206,82,Tarn-et-Garonne
Occitanie,2020-05-25,0.5833333333333334,0.4,1,71,5,16,91,09,Ariège
Occitanie,2020-05-25,0.5833333333333334,0.4,1,71,5,16,91,11,Aude
Occitanie,2020-05-25,0.5833333333333334,0.4,1,71,5,16,91,12,Aveyron
Occitanie,2020-05-25,0.5833333333333334,0.4,1,71,5,16,91,30,Gard
Occitanie,2020-05-25,0.5833333333333334,0.4,1,71,5,16,91,31,Haute-Garonne
Occitanie,2020-05-25,0.5833333333333334,0.4,1,71,5,16,91,32,Gers
Occitanie,2020-05-25,0.5833333333333334,0.4,1,71,5,16,91,34,Hérault
Occitanie,2020-05-25,0.5833333333333334,0.4,1,71,5,16,91,46,Lot
Occitanie,2020-05-25,0.5833333333333334,0.4,1,71,5,16,91,48,Lozère
Occitanie,2020-05-25,0.5833333333333334,0.4,1,71,5,16,91,65,Hautes-Pyrénées
Occitanie,2020-05-25,0.5833333333333334,0.4,1,71,5,16,91,66,Pyrénées-Orientales
Occitanie,2020-05-25,0.5833333333333334,0.4,1,71,5,16,91,81,Tarn
Occitanie,2020-05-25,0.5833333333333334,0.4,1,71,5,16,91,82,Tarn-et-Garonne
Occitanie,2020-06-01,0.0,0.425,1,54,7,10,78,09,Ariège
Occitanie,2020-06-01,0.0,0.425,1,54,7,10,78,11,Aude
Occitanie,2020-06-01,0.0,0.425,1,54,7,10,78,12,Aveyron
Occitanie,2020-06-01,0.0,0.425,1,54,7,10,78,30,Gard
Occitanie,2020-06-01,0.0,0.425,1,54,7,10,78,31,Haute-Garonne
Occitanie,2020-06-01,0.0,0.425,1,54,7,10,78,32,Gers
Occitanie,2020-06-01,0.0,0.425,1,54,7,10,78,34,Hérault
Occitanie,2020-06-01,0.0,0.425,1,54,7,10,78,46,Lot
Occitanie,2020-06-01,0.0,0.425,1,54,7,10,78,48,Lozère
Occitanie,2020-06-01,0.0,0.425,1,54,7,10,78,65,Hautes-Pyrénées
Occitanie,2020-06-01,0.0,0.425,1,54,7,10,78,66,Pyrénées-Orientales
Occitanie,2020-06-01,0.0,0.425,1,54,7,10,78,81,Tarn
Occitanie,2020-06-01,0.0,0.425,1,54,7,10,78,82,Tarn-et-Garonne
Pays de la Loire,2020-04-06,0.3408764367816096,0.4810344827586205,464,517,95,76,278,44,Loire-Atlantique
Pays de la Loire,2020-04-06,0.3408764367816096,0.4810344827586205,464,517,95,76,278,49,Maine-et-Loire
Pays de la Loire,2020-04-06,0.3408764367816096,0.4810344827586205,464,517,95,76,278,53,Mayenne
Pays de la Loire,2020-04-06,0.3408764367816096,0.4810344827586205,464,517,95,76,278,72,Sarthe
Pays de la Loire,2020-04-06,0.3408764367816096,0.4810344827586205,464,517,95,76,278,85,Vendée
Pays de la Loire,2020-04-13,0.3444444444444444,0.5066666666666667,60,479,54,59,301,44,Loire-Atlantique
Pays de la Loire,2020-04-13,0.3444444444444444,0.5066666666666667,60,479,54,59,301,49,Maine-et-Loire
Pays de la Loire,2020-04-13,0.3444444444444444,0.5066666666666667,60,479,54,59,301,53,Mayenne
Pays de la Loire,2020-04-13,0.3444444444444444,0.5066666666666667,60,479,54,59,301,72,Sarthe
Pays de la Loire,2020-04-13,0.3444444444444444,0.5066666666666667,60,479,54,59,301,85,Vendée
Pays de la Loire,2020-04-20,0.2916666666666666,0.459375,8,323,21,78,254,44,Loire-Atlantique
Pays de la Loire,2020-04-20,0.2916666666666666,0.459375,8,323,21,78,254,49,Maine-et-Loire
Pays de la Loire,2020-04-20,0.2916666666666666,0.459375,8,323,21,78,254,53,Mayenne
Pays de la Loire,2020-04-20,0.2916666666666666,0.459375,8,323,21,78,254,72,Sarthe
Pays de la Loire,2020-04-20,0.2916666666666666,0.459375,8,323,21,78,254,85,Vendée
Pays de la Loire,2020-04-27,0.5492424242424242,0.521590909090909,22,209,9,55,215,44,Loire-Atlantique
Pays de la Loire,2020-04-27,0.5492424242424242,0.521590909090909,22,209,9,55,215,49,Maine-et-Loire
Pays de la Loire,2020-04-27,0.5492424242424242,0.521590909090909,22,209,9,55,215,53,Mayenne
Pays de la Loire,2020-04-27,0.5492424242424242,0.521590909090909,22,209,9,55,215,72,Sarthe
Pays de la Loire,2020-04-27,0.5492424242424242,0.521590909090909,22,209,9,55,215,85,Vendée
Pays de la Loire,2020-05-04,0.5972222222222222,0.5291666666666667,6,128,10,34,158,44,Loire-Atlantique
Pays de la Loire,2020-05-04,0.5972222222222222,0.5291666666666667,6,128,10,34,158,49,Maine-et-Loire
Pays de la Loire,2020-05-04,0.5972222222222222,0.5291666666666667,6,128,10,34,158,53,Mayenne
Pays de la Loire,2020-05-04,0.5972222222222222,0.5291666666666667,6,128,10,34,158,72,Sarthe
Pays de la Loire,2020-05-04,0.5972222222222222,0.5291666666666667,6,128,10,34,158,85,Vendée
Pays de la Loire,2020-05-11,0.3134920634920635,0.4660714285714286,42,95,10,28,129,44,Loire-Atlantique
Pays de la Loire,2020-05-11,0.3134920634920635,0.4660714285714286,42,95,10,28,129,49,Maine-et-Loire
Pays de la Loire,2020-05-11,0.3134920634920635,0.4660714285714286,42,95,10,28,129,53,Mayenne
Pays de la Loire,2020-05-11,0.3134920634920635,0.4660714285714286,42,95,10,28,129,72,Sarthe
Pays de la Loire,2020-05-11,0.3134920634920635,0.4660714285714286,42,95,10,28,129,85,Vendée
Pays de la Loire,2020-05-18,0.25,0.4666666666666666,3,109,7,29,147,44,Loire-Atlantique
Pays de la Loire,2020-05-18,0.25,0.4666666666666666,3,109,7,29,147,49,Maine-et-Loire
Pays de la Loire,2020-05-18,0.25,0.4666666666666666,3,109,7,29,147,53,Mayenne
Pays de la Loire,2020-05-18,0.25,0.4666666666666666,3,109,7,29,147,72,Sarthe
Pays de la Loire,2020-05-18,0.25,0.4666666666666666,3,109,7,29,147,85,Vendée
Provence-Alpes-Côte d'Azur,2020-04-06,0.3298948220064724,0.4816747572815534,412,1452,268,151,658,04,Alpes-de-Haute-Provence
Provence-Alpes-Côte d'Azur,2020-04-06,0.3298948220064724,0.4816747572815534,412,1452,268,151,658,05,Hautes-Alpes
Provence-Alpes-Côte d'Azur,2020-04-06,0.3298948220064724,0.4816747572815534,412,1452,268,151,658,06,Alpes-Maritimes
Provence-Alpes-Côte d'Azur,2020-04-06,0.3298948220064724,0.4816747572815534,412,1452,268,151,658,13,Bouches-du-Rhône
Provence-Alpes-Côte d'Azur,2020-04-06,0.3298948220064724,0.4816747572815534,412,1452,268,151,658,83,Var
Provence-Alpes-Côte d'Azur,2020-04-06,0.3298948220064724,0.4816747572815534,412,1452,268,151,658,84,Vaucluse
Provence-Alpes-Côte d'Azur,2020-04-13,0.3538251366120218,0.4991803278688524,61,1021,172,120,771,04,Alpes-de-Haute-Provence
Provence-Alpes-Côte d'Azur,2020-04-13,0.3538251366120218,0.4991803278688524,61,1021,172,120,771,05,Hautes-Alpes
Provence-Alpes-Côte d'Azur,2020-04-13,0.3538251366120218,0.4991803278688524,61,1021,172,120,771,06,Alpes-Maritimes
Provence-Alpes-Côte d'Azur,2020-04-13,0.3538251366120218,0.4991803278688524,61,1021,172,120,771,13,Bouches-du-Rhône
Provence-Alpes-Côte d'Azur,2020-04-13,0.3538251366120218,0.4991803278688524,61,1021,172,120,771,83,Var
Provence-Alpes-Côte d'Azur,2020-04-13,0.3538251366120218,0.4991803278688524,61,1021,172,120,771,84,Vaucluse
Provence-Alpes-Côte d'Azur,2020-04-20,0.3333333333333333,0.4708333333333332,6,909,134,157,740,04,Alpes-de-Haute-Provence
Provence-Alpes-Côte d'Azur,2020-04-20,0.3333333333333333,0.4708333333333332,6,909,134,157,740,05,Hautes-Alpes
Provence-Alpes-Côte d'Azur,2020-04-20,0.3333333333333333,0.4708333333333332,6,909,134,157,740,06,Alpes-Maritimes
Provence-Alpes-Côte d'Azur,2020-04-20,0.3333333333333333,0.4708333333333332,6,909,134,157,740,13,Bouches-du-Rhône
Provence-Alpes-Côte d'Azur,2020-04-20,0.3333333333333333,0.4708333333333332,6,909,134,157,740,83,Var
Provence-Alpes-Côte d'Azur,2020-04-20,0.3333333333333333,0.4708333333333332,6,909,134,157,740,84,Vaucluse
Provence-Alpes-Côte d'Azur,2020-04-27,0.6111111111111112,0.5416666666666666,3,773,113,157,650,04,Alpes-de-Haute-Provence
Provence-Alpes-Côte d'Azur,2020-04-27,0.6111111111111112,0.5416666666666666,3,773,113,157,650,05,Hautes-Alpes
Provence-Alpes-Côte d'Azur,2020-04-27,0.6111111111111112,0.5416666666666666,3,773,113,157,650,06,Alpes-Maritimes
Provence-Alpes-Côte d'Azur,2020-04-27,0.6111111111111112,0.5416666666666666,3,773,113,157,650,13,Bouches-du-Rhône
Provence-Alpes-Côte d'Azur,2020-04-27,0.6111111111111112,0.5416666666666666,3,773,113,157,650,83,Var
Provence-Alpes-Côte d'Azur,2020-04-27,0.6111111111111112,0.5416666666666666,3,773,113,157,650,84,Vaucluse
Provence-Alpes-Côte d'Azur,2020-05-04,0.4666666666666667,0.5599999999999999,5,455,59,79,539,04,Alpes-de-Haute-Provence
Provence-Alpes-Côte d'Azur,2020-05-04,0.4666666666666667,0.5599999999999999,5,455,59,79,539,05,Hautes-Alpes
Provence-Alpes-Côte d'Azur,2020-05-04,0.4666666666666667,0.5599999999999999,5,455,59,79,539,06,Alpes-Maritimes
Provence-Alpes-Côte d'Azur,2020-05-04,0.4666666666666667,0.5599999999999999,5,455,59,79,539,13,Bouches-du-Rhône
Provence-Alpes-Côte d'Azur,2020-05-04,0.4666666666666667,0.5599999999999999,5,455,59,79,539,83,Var
Provence-Alpes-Côte d'Azur,2020-05-04,0.4666666666666667,0.5599999999999999,5,455,59,79,539,84,Vaucluse
Provence-Alpes-Côte d'Azur,2020-05-11,0.3333333333333333,0.449074074074074,27,267,44,66,334,04,Alpes-de-Haute-Provence
Provence-Alpes-Côte d'Azur,2020-05-11,0.3333333333333333,0.449074074074074,27,267,44,66,334,05,Hautes-Alpes
Provence-Alpes-Côte d'Azur,2020-05-11,0.3333333333333333,0.449074074074074,27,267,44,66,334,06,Alpes-Maritimes
Provence-Alpes-Côte d'Azur,2020-05-11,0.3333333333333333,0.449074074074074,27,267,44,66,334,13,Bouches-du-Rhône
Provence-Alpes-Côte d'Azur,2020-05-11,0.3333333333333333,0.449074074074074,27,267,44,66,334,83,Var
Provence-Alpes-Côte d'Azur,2020-05-11,0.3333333333333333,0.449074074074074,27,267,44,66,334,84,Vaucluse
Provence-Alpes-Côte d'Azur,2020-05-25,0.9166666666666666,0.6,1,115,9,35,194,04,Alpes-de-Haute-Provence
Provence-Alpes-Côte d'Azur,2020-05-25,0.9166666666666666,0.6,1,115,9,35,194,05,Hautes-Alpes
Provence-Alpes-Côte d'Azur,2020-05-25,0.9166666666666666,0.6,1,115,9,35,194,06,Alpes-Maritimes
Provence-Alpes-Côte d'Azur,2020-05-25,0.9166666666666666,0.6,1,115,9,35,194,13,Bouches-du-Rhône
Provence-Alpes-Côte d'Azur,2020-05-25,0.9166666666666666,0.6,1,115,9,35,194,83,Var
Provence-Alpes-Côte d'Azur,2020-05-25,0.9166666666666666,0.6,1,115,9,35,194,84,Vaucluse
Provence-Alpes-Côte d'Azur,2020-06-01,0.3333333333333333,0.475,1,70,10,14,152,04,Alpes-de-Haute-Provence
Provence-Alpes-Côte d'Azur,2020-06-01,0.3333333333333333,0.475,1,70,10,14,152,05,Hautes-Alpes
Provence-Alpes-Côte d'Azur,2020-06-01,0.3333333333333333,0.475,1,70,10,14,152,06,Alpes-Maritimes
Provence-Alpes-Côte d'Azur,2020-06-01,0.3333333333333333,0.475,1,70,10,14,152,13,Bouches-du-Rhône
Provence-Alpes-Côte d'Azur,2020-06-01,0.3333333333333333,0.475,1,70,10,14,152,83,Var
Provence-Alpes-Côte d'Azur,2020-06-01,0.3333333333333333,0.475,1,70,10,14,152,84,Vaucluse
Île-de-France,2020-03-30,0.3333333333333333,0.45,2,7314,1460,771,1779,75,Paris
Île-de-France,2020-03-30,0.3333333333333333,0.45,2,7314,1460,771,1779,77,Seine-et-Marne
Île-de-France,2020-03-30,0.3333333333333333,0.45,2,7314,1460,771,1779,78,Yvelines
Île-de-France,2020-03-30,0.3333333333333333,0.45,2,7314,1460,771,1779,91,Essonne
Île-de-France,2020-03-30,0.3333333333333333,0.45,2,7314,1460,771,1779,92,Hauts-de-Seine
Île-de-France,2020-03-30,0.3333333333333333,0.45,2,7314,1460,771,1779,93,Seine-Saint-Denis
Île-de-France,2020-03-30,0.3333333333333333,0.45,2,7314,1460,771,1779,94,Val-de-Marne
Île-de-France,2020-03-30,0.3333333333333333,0.45,2,7314,1460,771,1779,95,Val-d'Oise
Île-de-France,2020-04-06,0.3571954632493742,0.4879584622182942,2263,9370,1655,1420,3333,75,Paris
Île-de-France,2020-04-06,0.3571954632493742,0.4879584622182942,2263,9370,1655,1420,3333,77,Seine-et-Marne
Île-de-France,2020-04-06,0.3571954632493742,0.4879584622182942,2263,9370,1655,1420,3333,78,Yvelines
Île-de-France,2020-04-06,0.3571954632493742,0.4879584622182942,2263,9370,1655,1420,3333,91,Essonne
Île-de-France,2020-04-06,0.3571954632493742,0.4879584622182942,2263,9370,1655,1420,3333,92,Hauts-de-Seine
Île-de-France,2020-04-06,0.3571954632493742,0.4879584622182942,2263,9370,1655,1420,3333,93,Seine-Saint-Denis
Île-de-France,2020-04-06,0.3571954632493742,0.4879584622182942,2263,9370,1655,1420,3333,94,Val-de-Marne
Île-de-France,2020-04-06,0.3571954632493742,0.4879584622182942,2263,9370,1655,1420,3333,95,Val-d'Oise
Île-de-France,2020-04-13,0.38133097762073,0.4867491166077737,283,7234,1158,1375,3938,75,Paris
Île-de-France,2020-04-13,0.38133097762073,0.4867491166077737,283,7234,1158,1375,3938,77,Seine-et-Marne
Île-de-France,2020-04-13,0.38133097762073,0.4867491166077737,283,7234,1158,1375,3938,78,Yvelines
Île-de-France,2020-04-13,0.38133097762073,0.4867491166077737,283,7234,1158,1375,3938,91,Essonne
Île-de-France,2020-04-13,0.38133097762073,0.4867491166077737,283,7234,1158,1375,3938,92,Hauts-de-Seine
Île-de-France,2020-04-13,0.38133097762073,0.4867491166077737,283,7234,1158,1375,3938,93,Seine-Saint-Denis
Île-de-France,2020-04-13,0.38133097762073,0.4867491166077737,283,7234,1158,1375,3938,94,Val-de-Marne
Île-de-France,2020-04-13,0.38133097762073,0.4867491166077737,283,7234,1158,1375,3938,95,Val-d'Oise
Île-de-France,2020-04-20,0.3730158730158729,0.499404761904762,42,4795,691,1260,3837,75,Paris
Île-de-France,2020-04-20,0.3730158730158729,0.499404761904762,42,4795,691,1260,3837,77,Seine-et-Marne
Île-de-France,2020-04-20,0.3730158730158729,0.499404761904762,42,4795,691,1260,3837,78,Yvelines
Île-de-France,2020-04-20,0.3730158730158729,0.499404761904762,42,4795,691,1260,3837,91,Essonne
Île-de-France,2020-04-20,0.3730158730158729,0.499404761904762,42,4795,691,1260,3837,92,Hauts-de-Seine
Île-de-France,2020-04-20,0.3730158730158729,0.499404761904762,42,4795,691,1260,3837,93,Seine-Saint-Denis
Île-de-France,2020-04-20,0.3730158730158729,0.499404761904762,42,4795,691,1260,3837,94,Val-de-Marne
Île-de-France,2020-04-20,0.3730158730158729,0.499404761904762,42,4795,691,1260,3837,95,Val-d'Oise
Île-de-France,2020-04-27,0.356060606060606,0.4522727272727273,11,3166,425,774,3248,75,Paris
Île-de-France,2020-04-27,0.356060606060606,0.4522727272727273,11,3166,425,774,3248,77,Seine-et-Marne
Île-de-France,2020-04-27,0.356060606060606,0.4522727272727273,11,3166,425,774,3248,78,Yvelines
Île-de-France,2020-04-27,0.356060606060606,0.4522727272727273,11,3166,425,774,3248,91,Essonne
Île-de-France,2020-04-27,0.356060606060606,0.4522727272727273,11,3166,425,774,3248,92,Hauts-de-Seine
Île-de-France,2020-04-27,0.356060606060606,0.4522727272727273,11,3166,425,774,3248,93,Seine-Saint-Denis
Île-de-France,2020-04-27,0.356060606060606,0.4522727272727273,11,3166,425,774,3248,94,Val-de-Marne
Île-de-France,2020-04-27,0.356060606060606,0.4522727272727273,11,3166,425,774,3248,95,Val-d'Oise
Île-de-France,2020-05-04,0.3333333333333333,0.49375,16,1924,266,537,2231,75,Paris
Île-de-France,2020-05-04,0.3333333333333333,0.49375,16,1924,266,537,2231,77,Seine-et-Marne
Île-de-France,2020-05-04,0.3333333333333333,0.49375,16,1924,266,537,2231,78,Yvelines
Île-de-France,2020-05-04,0.3333333333333333,0.49375,16,1924,266,537,2231,91,Essonne
Île-de-France,2020-05-04,0.3333333333333333,0.49375,16,1924,266,537,2231,92,Hauts-de-Seine
Île-de-France,2020-05-04,0.3333333333333333,0.49375,16,1924,266,537,2231,93,Seine-Saint-Denis
Île-de-France,2020-05-04,0.3333333333333333,0.49375,16,1924,266,537,2231,94,Val-de-Marne
Île-de-France,2020-05-04,0.3333333333333333,0.49375,16,1924,266,537,2231,95,Val-d'Oise
Île-de-France,2020-05-11,0.365,0.4708333333333335,150,1443,201,332,2365,75,Paris
Île-de-France,2020-05-11,0.365,0.4708333333333335,150,1443,201,332,2365,77,Seine-et-Marne
Île-de-France,2020-05-11,0.365,0.4708333333333335,150,1443,201,332,2365,78,Yvelines
Île-de-France,2020-05-11,0.365,0.4708333333333335,150,1443,201,332,2365,91,Essonne
Île-de-France,2020-05-11,0.365,0.4708333333333335,150,1443,201,332,2365,92,Hauts-de-Seine
Île-de-France,2020-05-11,0.365,0.4708333333333335,150,1443,201,332,2365,93,Seine-Saint-Denis
Île-de-France,2020-05-11,0.365,0.4708333333333335,150,1443,201,332,2365,94,Val-de-Marne
Île-de-France,2020-05-11,0.365,0.4708333333333335,150,1443,201,332,2365,95,Val-d'Oise
Île-de-France,2020-05-18,0.324074074074074,0.5249999999999999,9,1007,143,246,1990,75,Paris
Île-de-France,2020-05-18,0.324074074074074,0.5249999999999999,9,1007,143,246,1990,77,Seine-et-Marne
Île-de-France,2020-05-18,0.324074074074074,0.5249999999999999,9,1007,143,246,1990,78,Yvelines
Île-de-France,2020-05-18,0.324074074074074,0.5249999999999999,9,1007,143,246,1990,91,Essonne
Île-de-France,2020-05-18,0.324074074074074,0.5249999999999999,9,1007,143,246,1990,92,Hauts-de-Seine
Île-de-France,2020-05-18,0.324074074074074,0.5249999999999999,9,1007,143,246,1990,93,Seine-Saint-Denis
Île-de-France,2020-05-18,0.324074074074074,0.5249999999999999,9,1007,143,246,1990,94,Val-de-Marne
Île-de-France,2020-05-18,0.324074074074074,0.5249999999999999,9,1007,143,246,1990,95,Val-d'Oise
Île-de-France,2020-05-25,0.1944444444444444,0.5583333333333333,3,741,108,192,1356,75,Paris
Île-de-France,2020-05-25,0.1944444444444444,0.5583333333333333,3,741,108,192,1356,77,Seine-et-Marne
Île-de-France,2020-05-25,0.1944444444444444,0.5583333333333333,3,741,108,192,1356,78,Yvelines
Île-de-France,2020-05-25,0.1944444444444444,0.5583333333333333,3,741,108,192,1356,91,Essonne
Île-de-France,2020-05-25,0.1944444444444444,0.5583333333333333,3,741,108,192,1356,92,Hauts-de-Seine
Île-de-France,2020-05-25,0.1944444444444444,0.5583333333333333,3,741,108,192,1356,93,Seine-Saint-Denis
Île-de-France,2020-05-25,0.1944444444444444,0.5583333333333333,3,741,108,192,1356,94,Val-de-Marne
Île-de-France,2020-05-25,0.1944444444444444,0.5583333333333333,3,741,108,192,1356,95,Val-d'Oise
Île-de-France,2020-06-01,0.5833333333333334,0.425,1,464,56,176,1163,75,Paris
Île-de-France,2020-06-01,0.5833333333333334,0.425,1,464,56,176,1163,77,Seine-et-Marne
Île-de-France,2020-06-01,0.5833333333333334,0.425,1,464,56,176,1163,78,Yvelines
Île-de-France,2020-06-01,0.5833333333333334,0.425,1,464,56,176,1163,91,Essonne
Île-de-France,2020-06-01,0.5833333333333334,0.425,1,464,56,176,1163,92,Hauts-de-Seine
Île-de-France,2020-06-01,0.5833333333333334,0.425,1,464,56,176,1163,93,Seine-Saint-Denis
Île-de-France,2020-06-01,0.5833333333333334,0.425,1,464,56,176,1163,94,Val-de-Marne
Île-de-France,2020-06-01,0.5833333333333334,0.425,1,464,56,176,1163,95,Val-d'Oise
